अस्तित्व,अस्ति,त्व
विभाजित,विभाज्,इत
तुरन्त,तुर्,अन्त
कथित,कथ्,इत
वर्णन,वर्ण्,अन
प्रशासन,प्रशास्,अन
उन्मूलन,उन्मूल्,अन
परिवहन,परिवह्,अन
लडकपन,लडक,पन
ज्ञापन,ज्ञा,पन
राजन,राज्,अन
समापन,समाप्,अन
समापन,समा,पन
परिवहन,परिवह्,अन
फैल,फ,इल
बहन,बह्,अन
सम्बन्धित,सम्बन्ध्,इत
प्रबन्धन,प्रबन्ध्,अन
समर्थित,समर्थ्,इत
रमन,रम्,अन
सम्बन्धित,सम्बन्ध्,इत
सहित,सह्,इत
मेडन,मेड्,अन
कथित,कथ्,इत
सदन,सद्,अन
शासित,शास्,इत
प्रबन्धन,प्रबन्ध्,अन
सहित,सह्,इत
व्यापक,व्याप्,अक
नियमित,नियम्,इत
शासन,शास्,अन
भजन,भज्,अन
जीवन,जीव्,अन
तुरन्त,तुर्,अन्त
भजन,भज्,अन
अन्तिम,अन्त्,इम
जीवन,जीव्,अन
प्रजनन,प्रजन्,अन
प्रभुत्व,प्रभु,त्व
व्यापक,व्याप्,अक
प्रबन्धन,प्रबन्ध्,अन
उपवर्णित,उपवर्ण्,इत
नियन्त्रित,नियन्त्र्,इत
व्यापक,व्याप्,अक
महत्व,मह,त्व
आगमन,आगम्,अन
समर्थन,समर्थ्,अन
संसाधन,संसाध्,अन
आरक्षित,आरक्ष्,इत
सम्बन्धित,सम्बन्ध्,इत
मदन,मद्,अन
सत्यापन,सत्या,पन
समर्थन,समर्थ्,अन
समर्थन,समर्थ्,अन
सम्बन्धित,सम्बन्ध्,इत
भवन,भ,वन
सहित,सह्,इत
भोजन,भोज्,अन
पर्यटन,पर्यट्,अन
विनियमित,विनियम्,इत
सम्बन्धित,सम्बन्ध्,इत
महत्व,मह,त्व
नेतृत्व,नेतृ,त्व
छुटपन,छुट,पन
स्नातक,स्नात्,अक
शासन,शास्,अन
निर्वाचन,निर्वाच्,अन
सम्बन्धित,सम्बन्ध्,इत
परिवहन,परिवह्,अन
अन्तिम,अन्त्,इम
शासित,शास्,इत
सृजित,सृज्,इत
कथित,कथ्,इत
समर्थन,समर्थ्,अन
वचन,वच्,अन
प्रेरित,प्रेर्,इत
शासित,शास्,इत
मिशन,मिश्,अन
भोजन,भोज्,अन
समर्थन,समर्थ्,अन
शासन,शास्,अन
शासन,शास्,अन
नेतृत्व,नेतृ,त्व
प्रशासन,प्रशास्,अन
वधावन,वधा,वन
सीमित,सीम्,इत
निर्वाचन,निर्वाच्,अन
प्रबन्धन,प्रबन्ध्,अन
प्रशासन,प्रशास्,अन
उर्जित,उर्ज्,इत
तमिल,तम्,इल
प्रबन्धन,प्रबन्ध्,अन
अभिरक्षक,अभिरक्ष्,अक
अन्तिम,अन्त्,इम
पुस्तक,पुस्त्,अक
संसाधन,संसाध्,अन
व्यसन,व्यस्,अन
पीडित,पीड्,इत
जीवित,जीव्,इत
सम्बन्धित,सम्बन्ध्,इत
व्यक्तित्व,व्यक्ति,त्व
लिखित,लिख्,इत
जीवन,जीव्,अन
प्रेषित,प्रेष्,इत
समर्थन,समर्थ्,अन
परिवहन,परिवह्,अन
पदक,पद्,अक
समापन,समाप्,अन
समापन,समा,पन
विकसित,विकस्,इत
प्रकाशक,प्रकाश्,अक
अवक्रमित,अवक्रम्,इत
भोजन,भोज्,अन
अन्तिम,अन्त्,इम
पुस्तक,पुस्त्,अक
पुस्तक,पुस्त्,अक
व्यापक,व्याप्,अक
प्रबन्धन,प्रबन्ध्,अन
प्रशासन,प्रशास्,अन
विभाजित,विभाज्,इत
प्रकाशित,प्रकाश्,इत
सम्बन्धित,सम्बन्ध्,इत
समर्थन,समर्थ्,अन
सहित,सह्,इत
अन्तिम,अन्त्,इम
पुस्तक,पुस्त्,अक
सहित,सह्,इत
प्रबन्धन,प्रबन्ध्,अन
विज्ञापन,विज्ञा,पन
शिक्षक,शिक्ष्,अक
मिशन,मिश्,अन
खनन,खन्,अन
जीवन,जीव्,अन
पीडित,पीड्,इत
स्नातक,स्नात्,अक
कपिल,कप्,इल
भवन,भ,वन
बटन,बट्,अन
विकसित,विकस्,इत
पर्यटन,पर्यट्,अन
सहित,सह्,इत
पदक,पद्,अक
विपणन,विपण्,अन
महन्त,मह्,अन्त
वाहन,वाह्,अन
वाहन,वाह्,अन
अन्तिम,अन्त्,इम
पालन,पाल्,अन
नेतृत्व,नेतृ,त्व
जीवित,जीव्,इत
तुरन्त,तुर्,अन्त
जीवन,जीव्,अन
प्रकाशन,प्रकाश्,अन
सदन,सद्,अन
नियमित,नियम्,इत
हिंसक,हिंस्,अक
सहित,सह्,इत
लम्बित,लम्ब्,इत
निहित,निह्,इत
फैल,फ,इल
पीडित,पीड्,इत
लिखित,लिख्,इत
मृतक,मृत्,अक
पीडित,पीड्,इत
विकसित,विकस्,इत
नियमित,नियम्,इत
सम्मिलित,सम्मिल्,इत
सहित,सह्,इत
कथित,कथ्,इत
प्रशंसित,प्रशंस्,इत
पर्यटन,पर्यट्,अन
अर्जन,अर्ज्,अन
व्यापक,व्याप्,अक
विभाजन,विभाज्,अन
समर्थन,समर्थ्,अन
व्यापक,व्याप्,अक
शासित,शास्,इत
परिवहन,परिवह्,अन
संसाधन,संसाध्,अन
सर्जन,सर्ज्,अन
पर्यटन,पर्यट्,अन
पालन,पाल्,अन
परिभाषित,परिभाष्,इत
लम्बित,लम्ब्,इत
भवन,भ,वन
धवन,ध,वन
धवन,धव्,अन
वचन,वच्,अन
फैल,फ,इल
मृतक,मृत्,अक
फाटक,फाट्,अक
पदक,पद्,अक
भजन,भज्,अन
पर्यटन,पर्यट्,अन
पर्यटन,पर्यट्,अन
आगमन,आगम्,अन
उल्लसित,उल्लस्,इत
रक्षक,रक्ष्,अक
पदक,पद्,अक
पर्यटन,पर्यट्,अन
पर्यटन,पर्यट्,अन
विकसित,विकस्,इत
तुरन्त,तुर्,अन्त
घटित,घट्,इत
सम्मिलित,सम्मिल्,इत
वचन,वच्,अन
वचन,वच्,अन
वञ्चित,वञ्च्,इत
बालक,बाल्,अक
अर्जित,अर्ज्,इत
निर्वाचन,निर्वाच्,अन
महत्व,मह,त्व
प्रबन्धन,प्रबन्ध्,अन
प्रबन्धन,प्रबन्ध्,अन
प्रबन्धन,प्रबन्ध्,अन
वर्णित,वर्ण्,इत
रहित,रह्,इत
वजन,वज्,अन
वजन,वज्,अन
प्रचलन,प्रचल्,अन
मानक,मान्,अक
प्रेरित,प्रेर्,इत
तुरन्त,तुर्,अन्त
प्रकाशित,प्रकाश्,इत
लिखित,लिख्,इत
पुस्तक,पुस्त्,अक
जीवन,जीव्,अन
हसन,हस्,अन
अनूदित,अनूद्,इत
सिविल,सिव्,इल
पीडित,पीड्,इत
आजीवन,आजीव्,अन
सज्जन,सज्ज्,अन
प्रबन्धित,प्रबन्ध्,इत
सहित,सह्,इत
क्राइम,क्रा,इम
शासन,शास्,अन
व्यापक,व्याप्,अक
पीडित,पीड्,इत
पीडित,पीड्,इत
प्रजनन,प्रजन्,अन
प्रजनन,प्रजन्,अन
वञ्चित,वञ्च्,इत
लिखित,लिख्,इत
लिखित,लिख्,इत
प्रचलित,प्रचल्,इत
संसाधन,संसाध्,अन
बेशक,बेश्,अक
सहन,सह्,अन
अस्तित्व,अस्ति,त्व
अन्तिम,अन्त्,इम
निर्वाचन,निर्वाच्,अन
ज्ञापन,ज्ञा,पन
विज्ञापन,विज्ञा,पन
रहित,रह्,इत
तुरन्त,तुर्,अन्त
प्रशासन,प्रशास्,अन
प्रशासन,प्रशास्,अन
समापन,समाप्,अन
समापन,समा,पन
विकसित,विकस्,इत
जीवन,जीव्,अन
ज्ञापन,ज्ञा,पन
राशन,राश्,अन
राशन,राश्,अन
संरक्षित,संरक्ष्,इत
सम्बन्धित,सम्बन्ध्,इत
आगमन,आगम्,अन
पर्यटक,पर्यट्,अक
समर्थन,समर्थ्,अन
बालक,बाल्,अक
सम्बन्धित,सम्बन्ध्,इत
अन्तिम,अन्त्,इम
पदक,पद्,अक
बालक,बाल्,अक
शासन,शास्,अन
नियमित,नियम्,इत
अर्जित,अर्ज्,इत
नियन्त्रित,नियन्त्र्,इत
रहित,रह्,इत
सघन,सघ्,अन
सम्बन्धित,सम्बन्ध्,इत
चिन्तित,चिन्त्,इत
धवन,ध,वन
धवन,धव्,अन
पाटित,पाट्,इत
उल्लङ्घन,उल्लङ्घ्,अन
जीवन,जीव्,अन
राशन,राश्,अन
राशन,राश्,अन
सूचक,सूच्,अक
प्रबन्धन,प्रबन्ध्,अन
नियन्त्रित,नियन्त्र्,इत
उल्लिखित,उल्लिख्,इत
प्रशासन,प्रशास्,अन
समापन,समाप्,अन
समापन,समा,पन
उत्पीडन,उत्पीड्,अन
लपक,लप्,अक
प्रशासन,प्रशास्,अन
विपणन,विपण्,अन
शमिल,शम्,इल
नियन्त्रित,नियन्त्र्,इत
निर्वाचन,निर्वाच्,अन
चुम्बन,चुम्ब्,अन
आलिङ्गन,आलिङ्ग्,अन
शासित,शास्,इत
वचन,वच्,अन
पाटिल,पाट्,इल
वर्णन,वर्ण्,अन
बहन,बह्,अन
पर्यटन,पर्यट्,अन
परिवहन,परिवह्,अन
व्यापक,व्याप्,अक
प्रेरित,प्रेर्,इत
प्रबन्धक,प्रबन्ध्,अक
सहित,सह्,इत
नियमित,नियम्,इत
नेतृत्व,नेतृ,त्व
प्रशासन,प्रशास्,अन
फाइल,फा,इल
नियन्त्रित,नियन्त्र्,इत
जीवन,जीव्,अन
प्रशासक,प्रशास्,अक
धवन,ध,वन
धवन,धव्,अन
जीवन,जीव्,अन
सिविल,सिव्,इल
चयन,चय्,अन
व्यक्तित्व,व्यक्ति,त्व
उपबन्धित,उपबन्ध्,इत
जीवन,जीव्,अन
प्रशासक,प्रशास्,अक
परिवहन,परिवह्,अन
वञ्चित,वञ्च्,इत
विकसित,विकस्,इत
सूचित,सूच्,इत
किरन,किर्,अन
प्रकाशित,प्रकाश्,इत
श्वसन,श्वस्,अन
श्वसन,श्वस्,अन
नेतृत्व,नेतृ,त्व
अभिप्रेरित,अभिप्रेर्,इत
लक्षित,लक्ष्,इत
विकसित,विकस्,इत
बेशक,बेश्,अक
अस्तित्व,अस्ति,त्व
लिखित,लिख्,इत
अन्तिम,अन्त्,इम
संसाधन,संसाध्,अन
आकलन,आकल्,अन
वर्णित,वर्ण्,इत
प्रबन्धक,प्रबन्ध्,अक
समुचित,समुच्,इत
जीवन,जीव्,अन
बहन,बह्,अन
चेतक,चेत्,अक
शासन,शास्,अन
सम्बन्धित,सम्बन्ध्,इत
सहित,सह्,इत
आगमन,आगम्,अन
शिक्षित,शिक्ष्,इत
सहित,सह्,इत
चयन,चय्,अन
लिखित,लिख्,इत
समर्थन,समर्थ्,अन
समर्थन,समर्थ्,अन
प्रकाशित,प्रकाश्,इत
समर्थन,समर्थ्,अन
कथित,कथ्,इत
समर्थन,समर्थ्,अन
विकसित,विकस्,इत
जीवन,जीव्,अन
मिशन,मिश्,अन
संरक्षित,संरक्ष्,इत
प्रकाशित,प्रकाश्,इत
सनातन,सनात्,अन
जीवन,जीव्,अन
समर्थन,समर्थ्,अन
पालन,पाल्,अन
पाटिल,पाट्,इल
नियमित,नियम्,इत
प्रेषित,प्रेष्,इत
कथित,कथ्,इत
कथित,कथ्,इत
सम्बन्धित,सम्बन्ध्,इत
चमक,चम्,अक
स्नातक,स्नात्,अक
अन्तिम,अन्त्,इम
चिन्तित,चिन्त्,इत
बहन,बह्,अन
राशन,राश्,अन
राशन,राश्,अन
नियन्त्रित,नियन्त्र्,इत
भोजन,भोज्,अन
सीमित,सीम्,इत
त्वरित,त्वर्,इत
आमन्त्रित,आमन्त्र्,इत
सम्बन्धित,सम्बन्ध्,इत
जीवन,जीव्,अन
ज्ञापन,ज्ञा,पन
आजीवन,आजीव्,अन
प्रेरित,प्रेर्,इत
जीवन,जीव्,अन
प्रेरित,प्रेर्,इत
सम्बन्धित,सम्बन्ध्,इत
अनुपालन,अनुपाल्,अन
पालन,पाल्,अन
प्रकाशित,प्रकाश्,इत
महत्व,मह,त्व
अन्तरिम,अन्तर्,इम
पर्यटक,पर्यट्,अक
भवन,भ,वन
फैल,फ,इल
ज्ञापन,ज्ञा,पन
ध्रुवित,ध्रुव्,इत
प्रशासन,प्रशास्,अन
अन्तिम,अन्त्,इम
नियमित,नियम्,इत
सम्बन्धित,सम्बन्ध्,इत
नेतृत्व,नेतृ,त्व
उत्सर्जक,उत्सर्ज्,अक
नेतृत्व,नेतृ,त्व
व्यक्तित्व,व्यक्ति,त्व
प्रशासन,प्रशास्,अन
वर्णित,वर्ण्,इत
फाइल,फा,इल
पीडित,पीड्,इत
भवन,भ,वन
चयन,चय्,अन
व्यापक,व्याप्,अक
दीपक,दीप्,अक
अन्तिम,अन्त्,इम
उल्लङ्घन,उल्लङ्घ्,अन
उल्लङ्घन,उल्लङ्घ्,अन
सम्बन्धित,सम्बन्ध्,इत
परिभाषित,परिभाष्,इत
चयन,चय्,अन
बटन,बट्,अन
अस्तित्व,अस्ति,त्व
वजन,वज्,अन
प्रतिनिधित्व,प्रतिनिधि,त्व
विकसित,विकस्,इत
अन्तिम,अन्त्,इम
अनुपालन,अनुपाल्,अन
सहित,सह्,इत
सहित,सह्,इत
मुहिम,मुह्,इम
अनुपालन,अनुपाल्,अन
रञ्जन,रञ्ज्,अन
सहित,सह्,इत
संरक्षित,संरक्ष्,इत
सिविल,सिव्,इल
नन्दन,नन्द्,अन
स्वामित्व,स्वामि,त्व
मृतक,मृत्,अक
बहन,बह्,अन
बटन,बट्,अन
समर्थन,समर्थ्,अन
प्रेरित,प्रेर्,इत
फाइल,फा,इल
वाहन,वाह्,अन
समुचित,समुच्,इत
सेवक,सेव्,अक
निर्वहन,निर्वह्,अन
वामन,वाम्,अन
वेपन,वेप्,अन
प्रबन्धन,प्रबन्ध्,अन
मिशन,मिश्,अन
जीवन,जीव्,अन
महत्त्व,महत्,त्व
जीवन,जीव्,अन
सम्बन्धित,सम्बन्ध्,इत
हिंसक,हिंस्,अक
समापन,समाप्,अन
समापन,समा,पन
घटक,घट्,अक
विकसित,विकस्,इत
शासित,शास्,इत
दमन,दम्,अन
सम्बन्धित,सम्बन्ध्,इत
नियमित,नियम्,इत
वाहन,वाह्,अन
कथित,कथ्,इत
प्रतिरक्षित,प्रतिरक्ष्,इत
जीवन,जीव्,अन
वर्णन,वर्ण्,अन
हिंसक,हिंस्,अक
घटक,घट्,अक
विकसित,विकस्,इत
जीवन,जीव्,अन
दमन,दम्,अन
महत्व,मह,त्व
महत्त्व,महत्,त्व
प्रबन्धित,प्रबन्ध्,इत
प्राइम,प्रा,इम
प्रशासन,प्रशास्,अन
अनुशंसित,अनुशंस्,इत
जीवन,जीव्,अन
जीवित,जीव्,इत
सृजन,सृज्,अन
शासन,शास्,अन
प्राइम,प्रा,इम
सम्बन्धित,सम्बन्ध्,इत
पुलक,पुल्,अक
सृजन,सृज्,अन
सीमित,सीम्,इत
जीवन,जीव्,अन
नेतृत्व,नेतृ,त्व
फाइल,फा,इल
पीडित,पीड्,इत
स्नातक,स्नात्,अक
स्नातक,स्नात्,अक
निष्पादन,निष्पाद्,अन
वजन,वज्,अन
भटक,भट्,अक
चयन,चय्,अन
अन्तिम,अन्त्,इम
शासक,शास्,अक
सम्बन्धित,सम्बन्ध्,इत
निर्वाचन,निर्वाच्,अन
निर्वाचित,निर्वाच्,इत
सम्बन्धित,सम्बन्ध्,इत
पालन,पाल्,अन
भवन,भ,वन
प्रशासन,प्रशास्,अन
साहिल,साह्,इल
जटिल,जट्,इल
प्रबन्धन,प्रबन्ध्,अन
तुरन्त,तुर्,अन्त
अन्तिम,अन्त्,इम
उल्लङ्घन,उल्लङ्घ्,अन
घृणित,घृण्,इत
पदक,पद्,अक
पदक,पद्,अक
चुडैल,चुड,इल
कथित,कथ्,इत
सम्बन्धित,सम्बन्ध्,इत
फाटक,फाट्,अक
जीवन,जीव्,अन
तत्त्व,तत्,त्व
शासन,शास्,अन
सदन,सद्,अन
शासक,शास्,अक
अन्तिम,अन्त्,इम
विकसित,विकस्,इत
अङ्कित,अङ्क्,इत
पदक,पद्,अक
पदक,पद्,अक
भनक,भन्,अक
अन्तिम,अन्त्,इम
सहित,सह्,इत
शासन,शास्,अन
जटिल,जट्,इल
पुस्तक,पुस्त्,अक
नियन्त्रित,नियन्त्र्,इत
राजन,राज्,अन
लम्बित,लम्ब्,इत
प्रशासन,प्रशास्,अन
लक्षित,लक्ष्,इत
मुहिम,मुह्,इम
प्रशासन,प्रशास्,अन
आकाङ्क्षामय,आकाङ्क्षा,मय
नेतृत्व,नेतृ,त्व
आमन्त्रित,आमन्त्र्,इत
विज्ञापन,विज्ञा,पन
विपणन,विपण्,अन
इधन,इध्,अन
सम्बन्धित,सम्बन्ध्,इत
व्यापक,व्याप्,अक
स्थगित,स्थग्,इत
कथित,कथ्,इत
जीवन,जीव्,अन
पर्यटन,पर्यट्,अन
पर्यटन,पर्यट्,अन
पर्यटन,पर्यट्,अन
मानक,मान्,अक
सहित,सह्,इत
चयन,चय्,अन
सहित,सह्,इत
उर्जित,उर्ज्,इत
कथन,कथ्,अन
व्यापक,व्याप्,अक
नेतृत्व,नेतृ,त्व
विकसित,विकस्,इत
प्रबन्धन,प्रबन्ध्,अन
फाइल,फा,इल
लिखित,लिख्,इत
सूचित,सूच्,इत
मिश्रित,मिश्र्,इत
पीडित,पीड्,इत
निहित,निह्,इत
पदक,पद्,अक
दीपक,दीप्,अक
कथित,कथ्,इत
उल्लङ्घन,उल्लङ्घ्,अन
रञ्जन,रञ्ज्,अन
पालन,पाल्,अन
प्रशंसित,प्रशंस्,इत
लक्षित,लक्ष्,इत
परिवहन,परिवह्,अन
सम्बन्धित,सम्बन्ध्,इत
सीमित,सीम्,इत
विकसित,विकस्,इत
सहित,सह्,इत
भवन,भ,वन
स्वामित्व,स्वामि,त्व
प्रबन्धक,प्रबन्ध्,अक
विरचित,विरच्,इत
नियमित,नियम्,इत
भोजन,भोज्,अन
नियमित,नियम्,इत
वाहन,वाह्,अन
मुरन,मुर्,अन
मृतक,मृत्,अक
समापन,समाप्,अन
समापन,समा,पन
प्रकाशक,प्रकाश्,अक
प्रकाशित,प्रकाश्,इत
उल्लङ्घन,उल्लङ्घ्,अन
बेशक,बेश्,अक
उल्लङ्घन,उल्लङ्घ्,अन
पर्यवेक्षक,पर्यवेक्ष्,अक
साहिल,साह्,इल
वर्धन,वर्ध्,अन
नेतृत्व,नेतृ,त्व
दीक्षित,दीक्ष्,इत
पुस्तक,पुस्त्,अक
अन्तिम,अन्त्,इम
रमन,रम्,अन
वहन,वह्,अन
वहन,वह्,अन
समर्थन,समर्थ्,अन
लिखित,लिख्,इत
अन्तिम,अन्त्,इम
नियमित,नियम्,इत
समर्थन,समर्थ्,अन
नेतृत्व,नेतृ,त्व
आजीवन,आजीव्,अन
सृजन,सृज्,अन
तुरन्त,तुर्,अन्त
नेतृत्व,नेतृ,त्व
लम्बित,लम्ब्,इत
समर्थन,समर्थ्,अन
वर्णन,वर्ण्,अन
भवन,भ,वन
नेतृत्व,नेतृ,त्व
अस्तित्व,अस्ति,त्व
वाञ्छित,वाञ्छ्,इत
तुरन्त,तुर्,अन्त
निष्पादन,निष्पाद्,अन
बन्धक,बन्ध्,अक
फाइल,फा,इल
मानक,मान्,अक
सिविल,सिव्,इल
रमन,रम्,अन
उत्पीडन,उत्पीड्,अन
तुरन्त,तुर्,अन्त
आनन्दित,आनन्द्,इत
मगन,मग्,अन
सम्बन्धित,सम्बन्ध्,इत
भजन,भज्,अन
मिश्रित,मिश्र्,इत
प्रेरित,प्रेर्,इत
भवन,भ,वन
बहन,बह्,अन
प्रकाशित,प्रकाश्,इत
समर्थन,समर्थ्,अन
बेशक,बेश्,अक
रमित,रम्,इत
निर्वहन,निर्वह्,अन
वाहन,वाह्,अन
घटक,घट्,अक
घटक,घट्,अक
सहित,सह्,इत
जीवन,जीव्,अन
प्रचलित,प्रचल्,इत
रोचक,रोच्,अक
पर्यटन,पर्यट्,अन
प्रबन्धन,प्रबन्ध्,अन
व्यापक,व्याप्,अक
सम्मिलित,सम्मिल्,इत
नियन्त्रित,नियन्त्र्,इत
बहन,बह्,अन
आरक्षित,आरक्ष्,इत
समर्थन,समर्थ्,अन
विकसित,विकस्,इत
शासन,शास्,अन
समर्थन,समर्थ्,अन
संसाधन,संसाध्,अन
जटिल,जट्,इल
निर्वाचन,निर्वाच्,अन
तुरन्त,तुर्,अन्त
संसाधन,संसाध्,अन
सिविल,सिव्,इल
समर्थन,समर्थ्,अन
समर्थन,समर्थ्,अन
दीपक,दीप्,अक
नेतृत्व,नेतृ,त्व
बेशक,बेश्,अक
चयन,चय्,अन
फाइल,फा,इल
प्रेरित,प्रेर्,इत
सहित,सह्,इत
पीडित,पीड्,इत
अभिलिखित,अभिलिख्,इत
सेवक,सेव्,अक
वाहन,वाह्,अन
घटित,घट्,इत
भोजन,भोज्,अन
अन्तिम,अन्त्,इम
वाहन,वाह्,अन
समर्थन,समर्थ्,अन
जीवन,जीव्,अन
महत्त्व,महत्,त्व
प्रशासन,प्रशास्,अन
साधन,साध्,अन
महत्व,मह,त्व
भवन,भ,वन
तुरन्त,तुर्,अन्त
प्रशासन,प्रशास्,अन
गणित,गण्,इत
कथित,कथ्,इत
अधीक्षक,अधीक्ष्,अक
तुरन्त,तुर्,अन्त
सर्जन,सर्ज्,अन
स्थगन,स्थग्,अन
स्थगन,स्थग्,अन
स्थगित,स्थग्,इत
संसाधन,संसाध्,अन
विकसित,विकस्,इत
निर्वाचन,निर्वाच्,अन
प्रबन्धन,प्रबन्ध्,अन
प्रजनन,प्रजन्,अन
पूरक,पूर्,अक
भोजन,भोज्,अन
पूरक,पूर्,अक
भोजन,भोज्,अन
प्रशासन,प्रशास्,अन
अन्तिम,अन्त्,इम
परिवहन,परिवह्,अन
प्रचलित,प्रचल्,इत
समर्थन,समर्थ्,अन
अन्तिम,अन्त्,इम
मिशन,मिश्,अन
प्रेरक,प्रेर्,अक
प्रशासक,प्रशास्,अक
तुरन्त,तुर्,अन्त
वञ्चित,वञ्च्,इत
बेशक,बेश्,अक
तपोवन,तपो,वन
सेवक,सेव्,अक
प्रतिबन्धित,प्रतिबन्ध्,इत
प्रबन्धन,प्रबन्ध्,अन
पर्यटन,पर्यट्,अन
सम्बन्धित,सम्बन्ध्,इत
सहित,सह्,इत
शासित,शास्,इत
समर्थक,समर्थ्,अक
सिविल,सिव्,इल
सर्जन,सर्ज्,अन
स्थगित,स्थग्,इत
बालक,बाल्,अक
बालक,बाल्,अक
जीवन,जीव्,अन
पर्यवेक्षक,पर्यवेक्ष्,अक
चयन,चय्,अन
अन्तरिम,अन्तर्,इम
नेतृत्व,नेतृ,त्व
पूरक,पूर्,अक
शतक,शत्,अक
सदन,सद्,अन
प्रशासन,प्रशास्,अन
नियन्त्रित,नियन्त्र्,इत
परिवहन,परिवह्,अन
प्रबन्धन,प्रबन्ध्,अन
नियन्त्रित,नियन्त्र्,इत
विज्ञापन,विज्ञा,पन
विज्ञापन,विज्ञा,पन
प्रबन्धन,प्रबन्ध्,अन
अधीक्षक,अधीक्ष्,अक
पदक,पद्,अक
जीवन,जीव्,अन
नेतृत्व,नेतृ,त्व
पूजन,पूज्,अन
तुरन्त,तुर्,अन्त
संरक्षित,संरक्ष्,इत
विपणन,विपण्,अन
जीवन,जीव्,अन
सिविल,सिव्,इल
वचन,वच्,अन
शिक्षक,शिक्ष्,अक
प्रतिनिधित्व,प्रतिनिधि,त्व
जटिल,जट्,इल
सम्बन्धित,सम्बन्ध्,इत
पर्यटन,पर्यट्,अन
पालन,पाल्,अन
मिशन,मिश्,अन
उल्लङ्घन,उल्लङ्घ्,अन
तुरन्त,तुर्,अन्त
भोजन,भोज्,अन
धवन,ध,वन
धवन,धव्,अन
पालन,पाल्,अन
बटन,बट्,अन
वाहन,वाह्,अन
निर्वाचन,निर्वाच्,अन
वजन,वज्,अन
शासित,शास्,इत
सम्बन्धित,सम्बन्ध्,इत
मिशन,मिश्,अन
दीपक,दीप्,अक
समर्थन,समर्थ्,अन
खनन,खन्,अन
विकसित,विकस्,इत
मुहिम,मुह्,इम
भवन,भ,वन
संसाधन,संसाध्,अन
नियमन,नियम्,अन
जीवन,जीव्,अन
सहित,सह्,इत
शासित,शास्,इत
स्नातक,स्नात्,अक
जीवन,जीव्,अन
अन्तिम,अन्त्,इम
जीवन,जीव्,अन
वर्णित,वर्ण्,इत
जीवन,जीव्,अन
प्रेषित,प्रेष्,इत
प्रबन्धन,प्रबन्ध्,अन
प्रबन्धन,प्रबन्ध्,अन
अन्तिम,अन्त्,इम
प्रेरित,प्रेर्,इत
प्रतिनिधित्व,प्रतिनिधि,त्व
स्नातक,स्नात्,अक
नियमित,नियम्,इत
कथित,कथ्,इत
पालन,पाल्,अन
प्रबन्धन,प्रबन्ध्,अन
स्नातक,स्नात्,अक
सम्बन्धित,सम्बन्ध्,इत
सूचित,सूच्,इत
वञ्चन,वञ्च्,अन
प्रबन्धन,प्रबन्ध्,अन
अङ्कन,अङ्क्,अन
महत्व,मह,त्व
निर्वाचन,निर्वाच्,अन
प्रकाशन,प्रकाश्,अन
सिवन,सिव्,अन
पालन,पाल्,अन
परिवहन,परिवह्,अन
अन्तिम,अन्त्,इम
समर्थक,समर्थ्,अक
नियमित,नियम्,इत
रोचक,रोच्,अक
प्रशासन,प्रशास्,अन
भनक,भन्,अक
परिवहन,परिवह्,अन
संरक्षित,संरक्ष्,इत
बेशक,बेश्,अक
जीवन,जीव्,अन
रक्षक,रक्ष्,अक
सञ्चित,सञ्च्,इत
जीवन,जीव्,अन
सहित,सह्,इत
वाहन,वाह्,अन
प्रशासन,प्रशास्,अन
महत्व,मह,त्व
वर्णन,वर्ण्,अन
मानक,मान्,अक
बेशक,बेश्,अक
प्रवाहित,प्रवाह्,इत
बालक,बाल्,अक
नियमित,नियम्,इत
जटिल,जट्,इल
अस्तित्व,अस्ति,त्व
घटक,घट्,अक
अस्तित्व,अस्ति,त्व
अस्तित्व,अस्ति,त्व
विकसित,विकस्,इत
विकसित,विकस्,इत
पर्यटन,पर्यट्,अन
याजक,याज्,अक
प्रबन्धन,प्रबन्ध्,अन
प्रतिनिधित्व,प्रतिनिधि,त्व
जीवित,जीव्,इत
नाथन,नाथ्,अन
वचन,वच्,अन
भजन,भज्,अन
भजन,भज्,अन
प्रबन्धन,प्रबन्ध्,अन
सम्बन्धित,सम्बन्ध्,इत
विभाजन,विभाज्,अन
सिविल,सिव्,इल
शमिल,शम्,इल
सम्मिलित,सम्मिल्,इत
भजन,भज्,अन
समर्थन,समर्थ्,अन
वर्णित,वर्ण्,इत
विकसित,विकस्,इत
लक्षित,लक्ष्,इत
सहित,सह्,इत
अनुपालन,अनुपाल्,अन
वर्णन,वर्ण्,अन
सम्बन्धित,सम्बन्ध्,इत
वजन,वज्,अन
विकसित,विकस्,इत
साधन,साध्,अन
आमन्त्रित,आमन्त्र्,इत
सम्मिलित,सम्मिल्,इत
भजन,भज्,अन
करुणामय,करुणा,मय
व्यापक,व्याप्,अक
खारवन,खार,वन
तुरन्त,तुर्,अन्त
सहित,सह्,इत
खण्डन,खण्ड्,अन
धवन,ध,वन
धवन,धव्,अन
जीवित,जीव्,इत
जीवित,जीव्,इत
जीवन,जीव्,अन
शतक,शत्,अक
समर्थन,समर्थ्,अन
नेतृत्व,नेतृ,त्व
नेतृत्व,नेतृ,त्व
पदक,पद्,अक
समन,सम्,अन
जीवन,जीव्,अन
व्यापक,व्याप्,अक
गहन,गह्,अन
पदक,पद्,अक
शतक,शत्,अक
नियन्त्रक,नियन्त्र्,अक
प्रतिबन्धित,प्रतिबन्ध्,इत
हसन,हस्,अन
सृजन,सृज्,अन
विकसित,विकस्,इत
परिवहन,परिवह्,अन
व्यापक,व्याप्,अक
प्रचलित,प्रचल्,इत
समर्थन,समर्थ्,अन
बेशक,बेश्,अक
धवन,ध,वन
धवन,धव्,अन
सहित,सह्,इत
बेशक,बेश्,अक
सङ्गीतमय,सङ्गीत,मय
लिखित,लिख्,इत
जीवन,जीव्,अन
सहित,सह्,इत
प्रबन्धक,प्रबन्ध्,अक
भवन,भ,वन
प्रशंसक,प्रशंस्,अक
नेतृत्व,नेतृ,त्व
सहित,सह्,इत
बहन,बह्,अन
लिखित,लिख्,इत
पुस्तक,पुस्त्,अक
कर्णन,कर्ण्,अन
गहन,गह्,अन
सहित,सह्,इत
रञ्जन,रञ्ज्,अन
प्रबन्धन,प्रबन्ध्,अन
जीवित,जीव्,इत
परिभाषित,परिभाष्,इत
सत्यापन,सत्या,पन
सत्यापन,सत्या,पन
व्यापक,व्याप्,अक
संसाधन,संसाध्,अन
रहित,रह्,इत
लेपित,लेप्,इत
अर्जन,अर्ज्,अन
लिखित,लिख्,इत
व्यक्तित्व,व्यक्ति,त्व
दीक्षित,दीक्ष्,इत
परिभाषित,परिभाष्,इत
सहित,सह्,इत
शासन,शास्,अन
समर्थन,समर्थ्,अन
हिन्दुत्व,हिन्दु,त्व
जीवन,जीव्,अन
महत्व,मह,त्व
कपिल,कप्,इल
निर्वाचन,निर्वाच्,अन
निर्वाचन,निर्वाच्,अन
अन्तिम,अन्त्,इम
अन्तिम,अन्त्,इम
बहन,बह्,अन
समर्थन,समर्थ्,अन
नियमित,नियम्,इत
अनुशासन,अनुशास्,अन
पालन,पाल्,अन
मिशन,मिश्,अन
सहित,सह्,इत
वाहन,वाह्,अन
भवन,भ,वन
फाइल,फा,इल
जीवन,जीव्,अन
विध्वंसक,विध्वंस्,अक
प्रकाशित,प्रकाश्,इत
जीवन,जीव्,अन
सहित,सह्,इत
ज्ञापन,ज्ञा,पन
तुरन्त,तुर्,अन्त
प्रेरक,प्रेर्,अक
जटिल,जट्,इल
सम्प्रेषित,सम्प्रेष्,इत
नियन्त्रक,नियन्त्र्,अक
लगन,लग्,अन
सिविल,सिव्,इल
तुरन्त,तुर्,अन्त
लज्जित,लज्ज्,इत
सहित,सह्,इत
दायक,दाय्,अक
किरन,किर्,अन
निरीक्षक,निरीक्ष्,अक
परिवहन,परिवह्,अन
पालन,पाल्,अन
फाइल,फा,इल
आमन्त्रित,आमन्त्र्,इत
समर्थन,समर्थ्,अन
वचन,वच्,अन
नियमित,नियम्,इत
शिक्षित,शिक्ष्,इत
प्रशासन,प्रशास्,अन
स्थगन,स्थग्,अन
दीपक,दीप्,अक
दीपक,दीप्,अक
व्यक्तित्व,व्यक्ति,त्व
प्रशासक,प्रशास्,अक
प्रेरित,प्रेर्,इत
दलित,दल्,इत
व्यापक,व्याप्,अक
अन्तिम,अन्त्,इम
भजन,भज्,अन
संरक्षित,संरक्ष्,इत
मिशन,मिश्,अन
आकलन,आकल्,अन
तुरन्त,तुर्,अन्त
कथित,कथ्,इत
सम्बन्धित,सम्बन्ध्,इत
अन्तरित,अन्तर्,इत
जटिल,जट्,इल
शासन,शास्,अन
सदन,सद्,अन
कथन,कथ्,अन
सम्बन्धित,सम्बन्ध्,इत
शासित,शास्,इत
वाहन,वाह्,अन
महत्त्व,महत्,त्व
पदक,पद्,अक
सूचक,सूच्,अक
जीवन,जीव्,अन
आमन्त्रित,आमन्त्र्,इत
प्रशंसक,प्रशंस्,अक
शतक,शत्,अक
विकसित,विकस्,इत
शिक्षक,शिक्ष्,अक
सम्बन्धित,सम्बन्ध्,इत
कुलक,कुल्,अक
नेतृत्व,नेतृ,त्व
नेतृत्व,नेतृ,त्व
नेतृत्व,नेतृ,त्व
विकसित,विकस्,इत
प्रबन्धित,प्रबन्ध्,इत
व्यापक,व्याप्,अक
हनन,हन्,अन
मिशन,मिश्,अन
विकसित,विकस्,इत
संसाधन,संसाध्,अन
बेशक,बेश्,अक
निर्वाचन,निर्वाच्,अन
जीवन,जीव्,अन
आगमन,आगम्,अन
स्वामित्व,स्वामि,त्व
कथित,कथ्,इत
शिक्षक,शिक्ष्,अक
प्रबन्धन,प्रबन्ध्,अन
बहन,बह्,अन
सहित,सह्,इत
संसञ्जन,संसञ्ज्,अन
वाहन,वाह्,अन
विभाजन,विभाज्,अन
पीडित,पीड्,इत
पण्डित,पण्ड्,इत
मृतक,मृत्,अक
वाहक,वाह्,अक
नेतृत्व,नेतृ,त्व
मिशन,मिश्,अन
जटिल,जट्,इल
मञ्जिल,मञ्ज्,इल
नियन्त्रित,नियन्त्र्,इत
धवन,ध,वन
धवन,धव्,अन
कुटिल,कुट्,इल
जीवन,जीव्,अन
पालन,पाल्,अन
स्नातक,स्नात्,अक
शिक्षक,शिक्ष्,अक
कुवैत,कुव,इत
हिंसक,हिंस्,अक
रहित,रह्,इत
शासन,शास्,अन
फाइल,फा,इल
मिश्रित,मिश्र्,इत
महत्व,मह,त्व
अन्तिम,अन्त्,इम
भवन,भ,वन
व्यापक,व्याप्,अक
उत्पीडन,उत्पीड्,अन
आजीवन,आजीव्,अन
तन्तुमय,तन्तु,मय
समर्थन,समर्थ्,अन
परिवहन,परिवह्,अन
सम्बन्धित,सम्बन्ध्,इत
शिक्षक,शिक्ष्,अक
सम्बन्धित,सम्बन्ध्,इत
प्रबन्धन,प्रबन्ध्,अन
वर्णित,वर्ण्,इत
प्रशासन,प्रशास्,अन
विकसित,विकस्,इत
हिंसक,हिंस्,अक
सहित,सह्,इत
पालन,पाल्,अन
पालन,पाल्,अन
परिसमापन,परिसमाप्,अन
सहित,सह्,इत
सीमित,सीम्,इत
समर्थन,समर्थ्,अन
भडक,भड्,अक
भवन,भ,वन
विकसित,विकस्,इत
पुष्पित,पुष्प्,इत
धवन,ध,वन
धवन,धव्,अन
अन्तिम,अन्त्,इम
निर्वहन,निर्वह्,अन
भवन,भ,वन
जीवन,जीव्,अन
उपबन्धित,उपबन्ध्,इत
सृजित,सृज्,इत
नेतृत्व,नेतृ,त्व
चयन,चय्,अन
दीपक,दीप्,अक
हिन्दुत्व,हिन्दु,त्व
अनुशासित,अनुशास्,इत
प्रतिनिधित्व,प्रतिनिधि,त्व
क्राइम,क्रा,इम
जीवन,जीव्,अन
सहित,सह्,इत
साहिल,साह्,इल
सहित,सह्,इत
समापन,समाप्,अन
समापन,समा,पन
प्रकाशन,प्रकाश्,अन
निर्वाचन,निर्वाच्,अन
उन्मूलन,उन्मूल्,अन
उन्मूलन,उन्मूल्,अन
गहन,गह्,अन
अन्तिम,अन्त्,इम
विकसित,विकस्,इत
सर्जन,सर्ज्,अन
सिविल,सिव्,इल
पालन,पाल्,अन
सहित,सह्,इत
वजन,वज्,अन
वजन,वज्,अन
घटक,घट्,अक
पीडित,पीड्,इत
पर्यटक,पर्यट्,अक
नियमित,नियम्,इत
गहन,गह्,अन
तमिल,तम्,इल
प्रबन्धन,प्रबन्ध्,अन
सम्बन्धित,सम्बन्ध्,इत
अन्तिम,अन्त्,इम
प्रबन्धक,प्रबन्ध्,अक
चयन,चय्,अन
पीडित,पीड्,इत
पाटिल,पाट्,इल
आकलन,आकल्,अन
निर्वाचन,निर्वाच्,अन
विघटन,विघट्,अन
विघटन,विघट्,अन
लम्बित,लम्ब्,इत
प्रकाशन,प्रकाश्,अन
रहस्यमय,रहस्य,मय
व्यापक,व्याप्,अक
प्रेरित,प्रेर्,इत
जीवन,जीव्,अन
विकसित,विकस्,इत
व्यापक,व्याप्,अक
व्यापक,व्याप्,अक
जीवन,जीव्,अन
बेशक,बेश्,अक
लम्बित,लम्ब्,इत
जीवन,जीव्,अन
रोहतक,रोहत्,अक
फाइल,फा,इल
व्यापक,व्याप्,अक
संसाधन,संसाध्,अन
लम्बित,लम्ब्,इत
लिखित,लिख्,इत
वहन,वह्,अन
वहन,वह्,अन
शासित,शास्,इत
हरवन,हर,वन
विकसित,विकस्,इत
मिशन,मिश्,अन
सृजन,सृज्,अन
प्रकाशित,प्रकाश्,इत
प्रकाशन,प्रकाश्,अन
स्वामित्व,स्वामि,त्व
जीवन,जीव्,अन
प्राइम,प्रा,इम
सृजित,सृज्,इत
जीवन,जीव्,अन
समर्थन,समर्थ्,अन
समर्थन,समर्थ्,अन
परिसमापन,परिसमाप्,अन
सम्बन्धित,सम्बन्ध्,इत
घटक,घट्,अक
सहित,सह्,इत
बहन,बह्,अन
पवन,पव्,अन
प्रबन्धन,प्रबन्ध्,अन
चषक,चष्,अक
कथित,कथ्,इत
अन्तिम,अन्त्,इम
संसाधन,संसाध्,अन
अधीक्षक,अधीक्ष्,अक
सम्बन्धित,सम्बन्ध्,इत
जीवन,जीव्,अन
व्यापक,व्याप्,अक
निर्वाचन,निर्वाच्,अन
भवन,भ,वन
शसित,शस्,इत
सहित,सह्,इत
अन्तिम,अन्त्,इम
सम्बन्धित,सम्बन्ध्,इत
भवन,भ,वन
प्रकाशन,प्रकाश्,अन
उल्लिखित,उल्लिख्,इत
हिंसक,हिंस्,अक
समुचित,समुच्,इत
बाधित,बाध्,इत
धवन,ध,वन
धवन,धव्,अन
निर्वाचित,निर्वाच्,इत
शिक्षित,शिक्ष्,इत
शिक्षित,शिक्ष्,इत
प्रशासन,प्रशास्,अन
वाहन,वाह्,अन
सहित,सह्,इत
रहित,रह्,इत
दीपक,दीप्,अक
वाहन,वाह्,अन
नेतृत्व,नेतृ,त्व
जीवित,जीव्,इत
पर्यटन,पर्यट्,अन
पुस्तक,पुस्त्,अक
लिखित,लिख्,इत
स्थगित,स्थग्,इत
परिवहन,परिवह्,अन
जीवन,जीव्,अन
जीवन,जीव्,अन
जटिल,जट्,इल
पूजन,पूज्,अन
उल्लङ्घन,उल्लङ्घ्,अन
संसाधन,संसाध्,अन
प्रबन्धन,प्रबन्ध्,अन
मानक,मान्,अक
पालन,पाल्,अन
परिवहन,परिवह्,अन
जीवन,जीव्,अन
प्रेरक,प्रेर्,अक
वर्णन,वर्ण्,अन
भोजन,भोज्,अन
नाथन,नाथ्,अन
नाथन,नाथ्,अन
भजन,भज्,अन
वचन,वच्,अन
समर्थन,समर्थ्,अन
भोजन,भोज्,अन
चयन,चय्,अन
आमन्त्रित,आमन्त्र्,इत
भोजन,भोज्,अन
चकित,चक्,इत
वृन्दावन,वृन्दा,वन
नेतृत्व,नेतृ,त्व
स्थायित्व,स्थायि,त्व
सहित,सह्,इत
सम्बन्धित,सम्बन्ध्,इत
प्रतिनिधित्व,प्रतिनिधि,त्व
पदक,पद्,अक
हिन्दुत्व,हिन्दु,त्व
अनुशासित,अनुशास्,इत
त्वरित,त्वर्,इत
पदक,पद्,अक
सम्बन्धित,सम्बन्ध्,इत
लक्षित,लक्ष्,इत
सम्बन्धित,सम्बन्ध्,इत
लक्षित,लक्ष्,इत
वाहक,वाह्,अक
नियमित,नियम्,इत
हिन्दुत्व,हिन्दु,त्व
आलोकित,आलोक्,इत
समुचित,समुच्,इत
प्रेरित,प्रेर्,इत
पूरक,पूर्,अक
साधन,साध्,अन
आरक्षित,आरक्ष्,इत
सम्बन्धित,सम्बन्ध्,इत
समन,सम्,अन
निगमित,निगम्,इत
प्रबन्धन,प्रबन्ध्,अन
फैल,फ,इल
महत्व,मह,त्व
नियन्त्रित,नियन्त्र्,इत
सहित,सह्,इत
रोचक,रोच्,अक
हसन,हस्,अन
विकसित,विकस्,इत
पर्यटन,पर्यट्,अन
तमिल,तम्,इल
प्रबन्धन,प्रबन्ध्,अन
शतक,शत्,अक
विकसित,विकस्,इत
भोजन,भोज्,अन
पर्यटन,पर्यट्,अन
शासित,शास्,इत
पर्यटन,पर्यट्,अन
अङ्कित,अङ्क्,इत
आमन्त्रित,आमन्त्र्,इत
अन्तिम,अन्त्,इम
प्रतिबन्धित,प्रतिबन्ध्,इत
सम्बन्धित,सम्बन्ध्,इत
विपणन,विपण्,अन
प्रज्वलन,प्रज्वल्,अन
शतक,शत्,अक
शासित,शास्,इत
सूचक,सूच्,अक
तिलक,तिल्,अक
प्रकाशित,प्रकाश्,इत
व्यापक,व्याप्,अक
जीवन,जीव्,अन
महत्व,मह,त्व
पीडित,पीड्,इत
भोजन,भोज्,अन
निष्पादन,निष्पाद्,अन
वर्णन,वर्ण्,अन
मिशन,मिश्,अन
अनुगमन,अनुगम्,अन
सीमित,सीम्,इत
जीवन,जीव्,अन
सूदन,सूद्,अन
बहन,बह्,अन
अन्तिम,अन्त्,इम
अनुपालन,अनुपाल्,अन
शासन,शास्,अन
सम्बन्धित,सम्बन्ध्,इत
सम्बन्धित,सम्बन्ध्,इत
रञ्जन,रञ्ज्,अन
सहित,सह्,इत
शमिल,शम्,इल
समर्थन,समर्थ्,अन
नियमन,नियम्,अन
पण्डित,पण्ड्,इत
आगमन,आगम्,अन
प्रशासन,प्रशास्,अन
नेतृत्व,नेतृ,त्व
संसाधन,संसाध्,अन
प्रबन्धन,प्रबन्ध्,अन
प्रकाशन,प्रकाश्,अन
प्रबन्धन,प्रबन्ध्,अन
सहित,सह्,इत
समर्थन,समर्थ्,अन
परिभाषित,परिभाष्,इत
अन्तिम,अन्त्,इम
जीवन,जीव्,अन
समर्थन,समर्थ्,अन
बेशक,बेश्,अक
परिभाषित,परिभाष्,इत
प्रशासन,प्रशास्,अन
गहन,गह्,अन
अधीक्षक,अधीक्ष्,अक
सहित,सह्,इत
अन्तिम,अन्त्,इम
उत्सर्जन,उत्सर्ज्,अन
जीवन,जीव्,अन
पालन,पाल्,अन
शासन,शास्,अन
समर्थित,समर्थ्,इत
साहिल,साह्,इल
सम्बन्धित,सम्बन्ध्,इत
वजन,वज्,अन
नेतृत्व,नेतृ,त्व
विभाजित,विभाज्,इत
जीवन्त,जीव्,अन्त
आकलन,आकल्,अन
महत्व,मह,त्व
उत्सर्जन,उत्सर्ज्,अन
जीवन,जीव्,अन
प्रकाशित,प्रकाश्,इत
समर्थन,समर्थ्,अन
प्रशासन,प्रशास्,अन
निष्पादन,निष्पाद्,अन
सनातन,सनात्,अन
जनित,जन्,इत
नेतृत्व,नेतृ,त्व
रञ्जन,रञ्ज्,अन
दीपक,दीप्,अक
प्रबन्धन,प्रबन्ध्,अन
कथित,कथ्,इत
निर्वाचित,निर्वाच्,इत
फाइल,फा,इल
शासित,शास्,इत
अन्तिम,अन्त्,इम
शिक्षक,शिक्ष्,अक
निर्वाचन,निर्वाच्,अन
दीक्षित,दीक्ष्,इत
पदक,पद्,अक
निष्पादन,निष्पाद्,अन
पदक,पद्,अक
जीवित,जीव्,इत
स्थगित,स्थग्,इत
अन्तरिम,अन्तर्,इम
प्रकाशित,प्रकाश्,इत
सम्बन्धित,सम्बन्ध्,इत
सनक,सन्,अक
खण्डन,खण्ड्,अन
बेशक,बेश्,अक
जीवन,जीव्,अन
स्वामित्व,स्वामि,त्व
व्यापक,व्याप्,अक
प्रबन्धन,प्रबन्ध्,अन
सम्बन्धित,सम्बन्ध्,इत
क्राइम,क्रा,इम
पदक,पद्,अक
निर्वाचन,निर्वाच्,अन
पीडित,पीड्,इत
भजन,भज्,अन
अन्तरिम,अन्तर्,इम
अपेक्षित,अपेक्ष्,इत
सम्बन्धित,सम्बन्ध्,इत
वाहन,वाह्,अन
प्रकाशित,प्रकाश्,इत
सेवन,सेव्,अन
शासित,शास्,इत
वजन,वज्,अन
नाथन,नाथ्,अन
पुस्तक,पुस्त्,अक
शासित,शास्,इत
जीवन,जीव्,अन
जीवन,जीव्,अन
भवन,भ,वन
उपशमन,उपशम्,अन
विकसित,विकस्,इत
भजन,भज्,अन
सहित,सह्,इत
फाइल,फा,इल
समर्थन,समर्थ्,अन
संसाधन,संसाध्,अन
समर्थन,समर्थ्,अन
संसाधन,संसाध्,अन
महत्व,मह,त्व
चमक,चम्,अक
उल्लङ्घन,उल्लङ्घ्,अन
संरक्षक,संरक्ष्,अक
महत्व,मह,त्व
प्रकाशित,प्रकाश्,इत
सम्बन्धित,सम्बन्ध्,इत
प्रतिनिधित्व,प्रतिनिधि,त्व
अनुपालन,अनुपाल्,अन
सम्बन्धित,सम्बन्ध्,इत
मानक,मान्,अक
मानक,मान्,अक
मानक,मान्,अक
मानक,मान्,अक
शासित,शास्,इत
लिखित,लिख्,इत
सिविल,सिव्,इल
सम्बन्धित,सम्बन्ध्,इत
निर्वाचित,निर्वाच्,इत
सीमित,सीम्,इत
कथित,कथ्,इत
मिशन,मिश्,अन
निर्वाचन,निर्वाच्,अन
जीवन,जीव्,अन
सहित,सह्,इत
समर्थन,समर्थ्,अन
गणित,गण्,इत
गहन,गह्,अन
प्रेरित,प्रेर्,इत
पाटिल,पाट्,इल
प्रशासन,प्रशास्,अन
तुरन्त,तुर्,अन्त
अनुपालन,अनुपाल्,अन
प्रशासन,प्रशास्,अन
विकसित,विकस्,इत
सिविल,सिव्,इल
चयन,चय्,अन
सहित,सह्,इत
प्रबन्धक,प्रबन्ध्,अक
फैल,फ,इल
याजक,याज्,अक
संसाधन,संसाध्,अन
शिक्षक,शिक्ष्,अक
समर्थन,समर्थ्,अन
शतक,शत्,अक
बहन,बह्,अन
वाहन,वाह्,अन
प्रबन्धन,प्रबन्ध्,अन
नियमित,नियम्,इत
प्रबन्धन,प्रबन्ध्,अन
स्वामित्व,स्वामि,त्व
प्रबन्धन,प्रबन्ध्,अन
स्नातक,स्नात्,अक
सम्बन्धित,सम्बन्ध्,इत
निर्वाचन,निर्वाच्,अन
बुटैल,बुट,इल
बुटैल,बुट,इल
बुटैल,बुट,इल
दीपक,दीप्,अक
प्रतिनिधित्व,प्रतिनिधि,त्व
मुहिम,मुह्,इम
विकसित,विकस्,इत
शासित,शास्,इत
विभाजित,विभाज्,इत
बेशक,बेश्,अक
बेशक,बेश्,अक
बेशक,बेश्,अक
वन्दन,वन्द्,अन
प्रवाहित,प्रवाह्,इत
नियन्त्रित,नियन्त्र्,इत
समर्थक,समर्थ्,अक
जीवन,जीव्,अन
समर्थन,समर्थ्,अन
जीवन,जीव्,अन
पर्यटन,पर्यट्,अन
वहन,वह्,अन
संसाधन,संसाध्,अन
सम्बन्धित,सम्बन्ध्,इत
सीमित,सीम्,इत
सृजित,सृज्,इत
उल्लङ्घन,उल्लङ्घ्,अन
सम्बन्धित,सम्बन्ध्,इत
जीवन,जीव्,अन
बन्धन,बन्ध्,अन
सूचित,सूच्,इत
प्रभुत्व,प्रभु,त्व
शिक्षक,शिक्ष्,अक
अन्तिम,अन्त्,इम
निर्वाचन,निर्वाच्,अन
इङ्गित,इङ्ग्,इत
त्वरित,त्वर्,इत
सम्बन्धित,सम्बन्ध्,इत
परिवहन,परिवह्,अन
संसाधन,संसाध्,अन
तुरन्त,तुर्,अन्त
जीवित,जीव्,इत
बाधक,बाध्,अक
सहित,सह्,इत
चयन,चय्,अन
जीवन,जीव्,अन
कपिल,कप्,इल
सम्बन्धित,सम्बन्ध्,इत
प्रजनन,प्रजन्,अन
सम्बन्धित,सम्बन्ध्,इत
प्रेषक,प्रेष्,अक
वाहक,वाह्,अक
सीमित,सीम्,इत
चयन,चय्,अन
पर्यटन,पर्यट्,अन
परिवहन,परिवह्,अन
ज्ञापन,ज्ञा,पन
बेशक,बेश्,अक
अर्जन,अर्ज्,अन
विकसित,विकस्,इत
पूरक,पूर्,अक
वचन,वच्,अन
विकसित,विकस्,इत
आमन्त्रित,आमन्त्र्,इत
अन्तिम,अन्त्,इम
घटक,घट्,अक
बेशक,बेश्,अक
उल्लङ्घन,उल्लङ्घ्,अन
आकलन,आकल्,अन
शासित,शास्,इत
बन्धक,बन्ध्,अक
रोहतक,रोहत्,अक
सदन,सद्,अन
बालन,बाल्,अन
पदक,पद्,अक
पालन,पाल्,अन
विकसित,विकस्,इत
उत्पीडन,उत्पीड्,अन
अङ्कित,अङ्क्,इत
सम्बन्धित,सम्बन्ध्,इत
समर्थन,समर्थ्,अन
प्रभुत्व,प्रभु,त्व
स्वामित्व,स्वामि,त्व
सम्मिलित,सम्मिल्,इत
समर्थन,समर्थ्,अन
रूपक,रूप्,अक
वचन,वच्,अन
भवन,भ,वन
अन्तिम,अन्त्,इम
सेवन,सेव्,अन
संसाधन,संसाध्,अन
भवन,भ,वन
चयन,चय्,अन
अन्तिम,अन्त्,इम
पीडित,पीड्,इत
तुरन्त,तुर्,अन्त
भोजन,भोज्,अन
सृजित,सृज्,इत
तुरन्त,तुर्,अन्त
रोहतक,रोहत्,अक
नियन्त्रित,नियन्त्र्,इत
प्रतिबन्धित,प्रतिबन्ध्,इत
अनुपालन,अनुपाल्,अन
बहन,बह्,अन
पुस्तक,पुस्त्,अक
भवन,भ,वन
कथित,कथ्,इत
ललित,लल्,इत
सहित,सह्,इत
राजन,राज्,अन
जीवित,जीव्,इत
जीवित,जीव्,इत
परिवहन,परिवह्,अन
सिविल,सिव्,इल
सम्बन्धित,सम्बन्ध्,इत
जीवन,जीव्,अन
चिन्तित,चिन्त्,इत
नियमित,नियम्,इत
शासन,शास्,अन
उल्लङ्घन,उल्लङ्घ्,अन
प्रकाशित,प्रकाश्,इत
उत्सर्जन,उत्सर्ज्,अन
चयन,चय्,अन
सम्बन्धित,सम्बन्ध्,इत
मानक,मान्,अक
नियमित,नियम्,इत
सीमित,सीम्,इत
सहित,सह्,इत
भवन,भ,वन
विभाजन,विभाज्,अन
विभाजन,विभाज्,अन
लिखित,लिख्,इत
बाधित,बाध्,इत
समर्थन,समर्थ्,अन
प्रकाशित,प्रकाश्,इत
परिवहन,परिवह्,अन
विज्ञानमय,विज्ञान,मय
उल्लिखित,उल्लिख्,इत
तुरन्त,तुर्,अन्त
तुरन्त,तुर्,अन्त
चयन,चय्,अन
अन्तिम,अन्त्,इम
वर्णन,वर्ण्,अन
पतन,पत्,अन
